{
  "embedding_model": "/home/machina/pvd2112/rl_final_project/router_solver_hierarchical_pivot/experiments/retriever_pipeline_20260512_161200/retriever_e5small_structural",
  "num_docs": 187,
  "num_queries": 561,
  "same_question_pairs": 561,
  "same_target_pairs": 396,
  "same_signature_pairs": 135,
  "same_question_mrr": 0.8685237828067707,
  "same_target_mrr": 0.11478231556514962,
  "same_signature_mrr": 0.26853192150365807,
  "same_signature_recall_at_1": 0.25925925925925924,
  "same_signature_recall_at_3": 0.26666666666666666,
  "same_signature_recall_at_5": 0.26666666666666666
}